nameseq,AA,AC,AG,AT,CA,CC,CG,CT,GA,GC,GG,GT,TA,TC,TG,TT,label
CP043953.1,0.11064238132854433,0.05410984387924997,0.054516898690426384,0.08618510849005069,0.06920561126441747,0.037608390615536356,0.03366421326147821,0.054776185304843024,0.051777271287808645,0.05168664684005137,0.037589762256830694,0.05366754622727907,0.07382871677292382,0.05184977084601446,0.0689503524032345,0.109941300531311,DNA
