nameseq,A,C,G,T,label
CP043953.1,0.30545415549489874,0.19525460302851724,0.1947211775939165,0.30457006388266755,DNA
