nameseq,AAA,AAC,AAG,AAT,ACA,ACC,ACG,ACT,AGA,AGC,AGG,AGT,ATA,ATC,ATG,ATT,CAA,CAC,CAG,CAT,CCA,CCC,CCG,CCT,CGA,CGC,CGG,CGT,CTA,CTC,CTG,CTT,GAA,GAC,GAG,GAT,GCA,GCC,GCG,GCT,GGA,GGC,GGG,GGT,GTA,GTC,GTG,GTT,TAA,TAC,TAG,TAT,TCA,TCC,TCG,TCT,TGA,TGC,TGG,TGT,TTA,TTC,TTG,TTT,label
CP043953.1,0.040343748686259846,0.019366449360933857,0.020720026522761722,0.030212184611109,0.015656384229630324,0.013726838210398303,0.009837034545796448,0.01488934878010652,0.014198337192005814,0.016116555152416515,0.009439545548488245,0.014762474521307701,0.0212803878324565,0.01604883853412905,0.018841330900905413,0.03001457291833703,0.02457282519521392,0.011860477585925214,0.014018598658707488,0.018753727246020514,0.015481680389141477,0.005889331913885607,0.006773675705870225,0.009463712073973734,0.009128905002143521,0.007978981164458996,0.0068454200784052715,0.00971091549091905,0.01119111517690526,0.008628204802241043,0.014093363846928221,0.02086351526783181,0.018478581283982602,0.008751051306792278,0.008547649717289413,0.016000002013877124,0.017703742060604107,0.009910792795455283,0.007980239837661366,0.016091885157650077,0.007968911778840041,0.009960132784988158,0.00582337743808146,0.01383734971756632,0.014118285576335132,0.008695921420528507,0.011780174235614057,0.019073178504781824,0.02724725401560805,0.014131879246920718,0.011230637515459654,0.021218964580180882,0.020363822006491228,0.00808143716313185,0.009073271646598801,0.014331253082176004,0.02048113034895204,0.017630990749507167,0.015481428654501002,0.01535682000746645,0.027238946772472416,0.018476819141499286,0.024235500776978967,0.039990061516394095,DNA
