nameseq,AA,AC,AG,AT,CA,CC,CG,CT,GA,GC,GG,GT,TA,TC,TG,TT,label
NC_000913.3,0.07282020987790766,0.055319324955710805,0.05127765960861771,0.06677580886628487,0.0700886387192833,0.058561274856726624,0.0747132862854187,0.050876078360910806,0.05760536498758739,0.08275115901647927,0.05822324858116218,0.055087941768995556,0.04567857428315916,0.05760773483400626,0.0694535198790258,0.07316017511872391,DNA
