nameseq,A,C,G,T,label
NC_000913.3,0.24619295026856816,0.2542394388894299,0.25366765970391575,0.2458999511380862,DNA
