nameseq,AA,AC,AG,AT,CA,CC,CG,CT,GA,GC,GG,GT,TA,TC,TG,TT,label
CP038996.1,0.11303862380671896,0.048567740883356095,0.055722152066911355,0.09099459726619595,0.06414543857559804,0.0347156134965705,0.03475423766092061,0.05694453534236209,0.0657104324940803,0.04065872797036811,0.034354406033666685,0.04890570232141957,0.06542826151563366,0.06661774272515653,0.06479847305803603,0.1146433147830055,DNA
