nameseq,A,C,G,T,label
CP038996.1,0.3083230037572715,0.19055975692534596,0.1896292010022252,0.3114880383151573,DNA
