nameseq,AAA,AAC,AAG,AAT,ACA,ACC,ACG,ACT,AGA,AGC,AGG,AGT,ATA,ATC,ATG,ATT,CAA,CAC,CAG,CAT,CCA,CCC,CCG,CCT,CGA,CGC,CGG,CGT,CTA,CTC,CTG,CTT,GAA,GAC,GAG,GAT,GCA,GCC,GCG,GCT,GGA,GGC,GGG,GGT,GTA,GTC,GTG,GTT,TAA,TAC,TAG,TAT,TCA,TCC,TCG,TCT,TGA,TGC,TGG,TGT,TTA,TTC,TTG,TTT,label
CP038996.1,0.0446867436098443,0.017216369785020686,0.02178224832771614,0.029353302510285475,0.01578799045553642,0.009252278826511636,0.009860609632583929,0.013666879338067418,0.019218032055206825,0.013724815605312399,0.009340613752496266,0.013438710581880396,0.020892104073563324,0.022809722993116312,0.01786547055693204,0.029426974553819214,0.023442015094901035,0.008970823009710404,0.013771665302899389,0.01796095810850247,0.013577113886965628,0.005203177482390236,0.0064409393400129316,0.009494395202590968,0.011867636371959419,0.006452741172229502,0.0065636068688094025,0.009870265677124759,0.01204430622392868,0.008552752044220393,0.01399947642780712,0.02234802101155292,0.025101781862085934,0.009620281412901048,0.008379300873764742,0.022609091845434623,0.013481626335395196,0.006819313233501754,0.006466688792121812,0.013891114150182248,0.013141161357511115,0.006800001144420094,0.005104471249306196,0.009308784568639455,0.012786748759734724,0.009620639044180338,0.009103504214326995,0.017394827793386396,0.019808123666035328,0.012760284045067263,0.011788957490515619,0.021070919713208326,0.021298730838116054,0.013440856369556137,0.011986012325404409,0.019892167016668478,0.021483626209508985,0.013681184589239018,0.013345726449264995,0.01628795898398384,0.019705125857599808,0.025634652468228037,0.023830045032930687,0.04547353242428231,DNA
