nameseq,A,C,G,T,label
JAMQCM010000001.1,0.22499760865623614,0.2745158625123162,0.27528313204235444,0.22520339678909326,DNA
