nameseq,AAA,AAC,AAG,AAT,ACA,ACC,ACG,ACT,AGA,AGC,AGG,AGT,ATA,ATC,ATG,ATT,CAA,CAC,CAG,CAT,CCA,CCC,CCG,CCT,CGA,CGC,CGG,CGT,CTA,CTC,CTG,CTT,GAA,GAC,GAG,GAT,GCA,GCC,GCG,GCT,GGA,GGC,GGG,GGT,GTA,GTC,GTG,GTT,TAA,TAC,TAG,TAT,TCA,TCC,TCG,TCT,TGA,TGC,TGG,TGT,TTA,TTC,TTG,TTT,label
JAMQCM010000001.1,0.019465036296432113,0.015604824622142037,0.012759481299480185,0.012927538277322159,0.011146623798540475,0.01739328534871517,0.017325980976521174,0.008424671824900946,0.012106628889198444,0.020017747958994914,0.012750507383187653,0.008361446505567194,0.010637965906868288,0.017830355862690106,0.015254841886733268,0.012990763596655911,0.013435992216351332,0.015505499684995143,0.02463421603357387,0.015074751702953582,0.019042242467468024,0.013270586622868516,0.022483127507725215,0.012969552521782652,0.015634193802735778,0.02883625233755223,0.022294675265582032,0.01734698809875142,0.0049228049443831344,0.011061575546404427,0.025292167259930914,0.012711144523086318,0.016736353885573187,0.013065206311355328,0.011135406403174808,0.017914384351611093,0.021003451082672406,0.023979120144218994,0.02864351708990579,0.020345499856315362,0.013243460921347906,0.02401583161996117,0.013459650722940737,0.017400219738577583,0.010053845537281626,0.013089884581159793,0.015808165407225103,0.015389042725835233,0.011119498097019865,0.010115031330185256,0.004707227000719341,0.010797252921060742,0.01745814228919302,0.013122313051398717,0.015659687883112294,0.012247968070805831,0.017867067338432286,0.02110175625660424,0.019614329631116974,0.011232283908605558,0.011124392960452156,0.016506295304255535,0.013460262580869773,0.01906998002691767,DNA
