nameseq,AA,AC,AG,AT,CA,CC,CG,CT,GA,GC,GG,GT,TA,TC,TG,TT,label
JAMQCM010000001.1,0.06075686810385266,0.05429055087597642,0.05323631987926006,0.05671391568599458,0.06865044563643409,0.06776549529889253,0.08411229630233934,0.05398768126287451,0.05885133894882829,0.09397156900736268,0.0681191491097469,0.05434092716852604,0.03673900185596867,0.05848809936570741,0.06981542289571903,0.06016091860251677,DNA
