nameseq,AA,AC,AG,AT,CA,CC,CG,CT,GA,GC,GG,GT,TA,TC,TG,TT,label
CP003200.1,0.053721442,0.048480101,0.054627901,0.056078611,0.065008781,0.073934451,0.094660777,0.053676822,0.058828547,0.106074852,0.073993132,0.04867058,0.035349285,0.058791426,0.064285113,0.053817806,DNA
