nameseq,A,C,G,T,label
CP003200.1,0.212908014,0.287280777,0.287567056,0.212243965,DNA
