nameseq,AAA,AAC,AAG,AAT,ACA,ACC,ACG,ACT,AGA,AGC,AGG,AGT,ATA,ATC,ATG,ATT,CAA,CAC,CAG,CAT,CCA,CCC,CCG,CCT,CGA,CGC,CGG,CGT,CTA,CTC,CTG,CTT,GAA,GAC,GAG,GAT,GCA,GCC,GCG,GCT,GGA,GGC,GGG,GGT,GTA,GTC,GTG,GTT,TAA,TAC,TAG,TAT,TCA,TCC,TCG,TCT,TGA,TGC,TGG,TGT,TTA,TTC,TTG,TTT,label
CP003200.1,0.017155799,0.012896471,0.011885773,0.01178341,0.009292943,0.016722348,0.014821127,0.007643693,0.011046618,0.022216785,0.01364676,0.007717747,0.011197164,0.018728745,0.014452169,0.011700357,0.011492255,0.013245556,0.02569489,0.014576092,0.01954034,0.014341744,0.026680465,0.013371916,0.018469462,0.034445082,0.02687713,0.014869121,0.005223343,0.011403765,0.025091771,0.011957952,0.015001294,0.013601765,0.011565934,0.018659565,0.020252196,0.029386157,0.034596377,0.021840141,0.013510276,0.029321665,0.014321121,0.016840084,0.008866429,0.013531273,0.013163253,0.013109634,0.010072104,0.008736319,0.005481314,0.011059554,0.015923314,0.013484216,0.018562826,0.010821082,0.015802202,0.02009134,0.019147947,0.009243636,0.010062355,0.015127467,0.011577933,0.017049873,DNA
