nameseq,AA,AC,AG,AT,CA,CC,CG,CT,GA,GC,GG,GT,TA,TC,TG,TT,label
NC_002516.2,0.030431311650926673,0.04900211560463144,0.0564990790024205,0.03266041472746884,0.06223242661750848,0.09512845837025491,0.1218189506645725,0.05647657087195699,0.06085927102710346,0.13008821431188256,0.09192879193755574,0.047024592766461544,0.015069911689908838,0.06143761823752399,0.059654208070585496,0.02968806444923802,DNA
