nameseq,A,C,G,T,label
NC_002516.2,0.1685928940726045,0.33565635294275403,0.3299009770123383,0.1658497759723032,DNA
