nameseq,AAA,AAC,AAG,AAT,ACA,ACC,ACG,ACT,AGA,AGC,AGG,AGT,ATA,ATC,ATG,ATT,CAA,CAC,CAG,CAT,CCA,CCC,CCG,CCT,CGA,CGC,CGG,CGT,CTA,CTC,CTG,CTT,GAA,GAC,GAG,GAT,GCA,GCC,GCG,GCT,GGA,GGC,GGG,GGT,GTA,GTC,GTG,GTT,TAA,TAC,TAG,TAT,TCA,TCC,TCG,TCT,TGA,TGC,TGG,TGT,TTA,TTC,TTG,TTT,label
NC_002516.2,0.004621031664315285,0.011013820632839335,0.01079049524599475,0.004005968965593204,0.0077086368339707445,0.019236313378355987,0.015236250802550666,0.0068209224120674245,0.007926215463183875,0.022203875166376615,0.019767569194952688,0.0066014281969771415,0.0031267150479806372,0.014455489925454975,0.011157010677156414,0.0039212042905292475,0.0096666848647325,0.014270795520466279,0.026853161722379885,0.01144179444422628,0.022011358785722884,0.017325356833740875,0.035615690053096845,0.020176067883255256,0.027368294691177228,0.044510393809337266,0.03526689379129883,0.014673228186824537,0.0041732634655311076,0.015400193027203555,0.025919792503737788,0.01098333089096134,0.014860317074159673,0.017245700387682656,0.014525249177814578,0.014228014102543228,0.022001142327711408,0.04291630709523431,0.04354717337744289,0.02162361227775612,0.01530601005491027,0.04189529982271253,0.016265239682893912,0.018462257051830328,0.006490164583945922,0.017029558447877388,0.01314219617451115,0.010362681066764233,0.0012832829055351173,0.006471806885956553,0.0043301818753011066,0.002984642428758563,0.010511298604399909,0.01565049624848469,0.02741985587770389,0.007855977314354985,0.010258760532928762,0.02147866627971832,0.020629103943201603,0.007287686837466689,0.0012797709980936728,0.014552386644407559,0.009435218237910018,0.004420693307996518,DNA
