nameseq,AA,AC,AG,AT,CA,CC,CG,CT,GA,GC,GG,GT,TA,TC,TG,TT,label
NC_007795.1,0.120890634,0.052089063,0.047449811,0.112286982,0.064337766,0.025963365,0.025479202,0.049328693,0.051937718,0.033857785,0.025108458,0.052669635,0.095550373,0.053198457,0.065536124,0.124315224,DNA
