nameseq,A,C,G,T,label
NC_007795.1,0.332716373,0.165108967,0.163573538,0.338600768,DNA
