nameseq,AAA,AAC,AAG,AAT,ACA,ACC,ACG,ACT,AGA,AGC,AGG,AGT,ATA,ATC,ATG,ATT,CAA,CAC,CAG,CAT,CCA,CCC,CCG,CCT,CGA,CGC,CGG,CGT,CTA,CTC,CTG,CTT,GAA,GAC,GAG,GAT,GCA,GCC,GCG,GCT,GGA,GGC,GGG,GGT,GTA,GTC,GTG,GTT,TAA,TAC,TAG,TAT,TCA,TCC,TCG,TCT,TGA,TGC,TGG,TGT,TTA,TTC,TTG,TTT,label,,
NC_007795.1,0.043229876,0.018887352,0.018747703,0.040025746,0.018536103,0.010199695,0.008598339,0.014754946,0.015049839,0.010551653,0.007483628,0.014364709,0.031168313,0.019059255,0.021489644,0.040569456,0.023106241,0.009825052,0.009579072,0.021827424,0.011317596,0.003323576,0.003427072,0.007895131,0.007998982,0.005314815,0.003261194,0.00890422,0.013478965,0.006101669,0.009958322,0.019789754,0.019542001,0.007672898,0.005802877,0.01891996,0.012870039,0.004866449,0.005229395,0.010891914,0.007175974,0.004792726,0.003098152,0.010041615,0.015582916,0.007781356,0.009817964,0.019487063,0.03501256,0.01570378,0.013320177,0.031513891,0.021614052,0.007573655,0.008224051,0.015786718,0.02171294,0.013198604,0.011265493,0.01935911,0.035320213,0.020256196,0.024270219,0.044468641,DNA,,
